Reference ID	Position	Total Depth	Ref Base	Alt Base	Ref Frequency	Alt Frequency	Codon	Codon Type	count_	avg_mapping_quality	avg_basequality	avg_se_mapping_quality	num_plus_strand	num_minus_strand	avg_pos_as_fraction	avg_num_mismatches_as_fraction	avg_sum_mismatch_qualities	num_q2_containing_reads	avg_distance_to_q2_start_in_q2_reads	avg_clipped_length	avg_distance_to_effective_3p_end
Den1/U88535_1/WestPac/1997/Den1_1	346	4471	C	T	99	1			36	60.0	35.19	0.0	21	15	0.36	0.01	57.36	21	0.59	240.08	0.5
Den1/U88535_1/WestPac/1997/Den1_1	484	5347	G	A	51	49			2756	59.99	36.73	0.13	1459	1297	0.48	0.01	48.66	1459	0.48	242.22	0.46
Den1/U88535_1/WestPac/1997/Den1_1	598	5269	C	T	99	1			34	60.0	35.62	0.0	17	17	0.48	0.02	121.03	17	0.41	245.79	0.5
Den1/U88535_1/WestPac/1997/Den1_1	631	5540	C	T	98	2			109	60.0	36.61	1.1	43	66	0.36	0.01	77.02	43	0.4	234.13	0.49
Den1/U88535_1/WestPac/1997/Den1_1	672	5128	C	T	99	1			37	60.0	36.54	0.0	16	21	0.45	0.01	66.38	16	0.68	245.51	0.56
Den1/U88535_1/WestPac/1997/Den1_1	719	4973	C	T	99	1			29	60.0	35.45	0.0	10	19	0.53	0.01	45.62	10	0.38	246.69	0.42
Den1/U88535_1/WestPac/1997/Den1_1	721	4990	G	C	97	3			171	60.0	35.67	0.0	60	111	0.45	0.01	52.62	60	0.55	241.98	0.53
Den1/U88535_1/WestPac/1997/Den1_1	781	4661	C	T	99	1			50	60.0	34.78	0.0	18	32	0.51	0.01	49.62	18	0.31	242.94	0.37
Den1/U88535_1/WestPac/1997/Den1_1	838	4000	G	A	99	1			30	60.0	35.93	0.0	7	23	0.54	0.01	62.07	7	0.29	243.47	0.44
Den1/U88535_1/WestPac/1997/Den1_1	853	3975	T	C	98	1			61	59.7	36.2	0.0	15	46	0.45	0.01	62.82	15	0.39	236.39	0.48
Den1/U88535_1/WestPac/1997/Den1_1	854	3943	C	T	99	1			31	60.0	36.1	0.0	8	23	0.3	0.01	44.87	8	0.21	239.03	0.55
Den1/U88535_1/WestPac/1997/Den1_1	918	2897	T	C	99	1			19	60.0	32.47	0.0	5	14	0.44	0.01	51.26	5	0.22	213.74	0.57
Den1/U88535_1/WestPac/1997/Den1_1	988	2419	T	A	70	29			731	60.0	33.25	0.0	653	78	0.08	0.01	47.5	653	0.95	230.59	0.85
Den1/U88535_1/WestPac/1997/Den1_1	1081	3176	G	A	91	9			305	60.0	35.3	0.2	47	258	0.12	0.01	54.29	47	0.15	225.14	0.82
Den1/U88535_1/WestPac/1997/Den1_1	1101	3251	T	C	99	1			19	60.0	34.95	0.0	17	2	0.55	0.02	81.42	17	0.67	236.63	0.65
Den1/U88535_1/WestPac/1997/Den1_1	1372	6856	A	G	99	1			76	60.0	35.3	0.0	47	29	0.51	0.01	57.29	47	0.48	235.28	0.51
Den1/U88535_1/WestPac/1997/Den1_1	1538	7175	G	A	8	92			6769	60.0	37.18	0.08	3706	3063	0.55	0.02	78.04	3707	0.49	239.7	0.47
Den1/U88535_1/WestPac/1997/Den1_1	1576	5285	A	G	99	1			56	60.0	27.34	0.0	28	28	0.44	0.02	103.05	28	0.42	229.77	0.53
Den1/U88535_1/WestPac/1997/Den1_1	1672	7204	A	G	99	1			50	60.0	35.74	6.0	7	43	0.5	0.03	192.56	7	0.36	246.2	0.47
Den1/U88535_1/WestPac/1997/Den1_1	1812	5570	C	T	1	99			5881	60.0	36.62	0.07	1011	4870	0.52	0.01	94.42	1014	0.26	241.65	0.58
Den1/U88535_1/WestPac/1997/Den1_1	1841	4178	A	G	0	100			4331	60.0	36.82	0.1	665	3666	0.55	0.01	113.26	667	0.34	238.08	0.61
Den1/U88535_1/WestPac/1997/Den1_1	1848	3926	C	T	99	1			27	60.0	33.89	0.0	3	24	0.31	0.02	127.48	3	0.33	240.22	0.78
Den1/U88535_1/WestPac/1997/Den1_1	1873	3415	T	C	0	100			3535	60.0	37.25	0.08	519	3016	0.5	0.02	119.3	520	0.29	236.03	0.66
Den1/U88535_1/WestPac/1997/Den1_1	1918	2100	A	G	99	1			19	60.0	33.63	0.0	2	17	0.4	0.02	152.74	2	0.43	226.95	0.78
Den1/U88535_1/WestPac/1997/Den1_1	1959	1137	A	G	99	1			12	60.0	30.33	5.0	0	12	0.09	0.02	151.75	0	0.0	249.42	0.95
Den1/U88535_1/WestPac/1997/Den1_1	1966	966	A	G	99	1			5	60.0	36.8	0.0	0	5	0.15	0.02	162.2	0	0.0	250.0	0.93
Den1/U88535_1/WestPac/1997/Den1_1	1984	458	A	G	99	1			3	60.0	31.67	0.0	0	3	0.04	0.02	153.33	0	0.0	248.67	0.98
Den1/U88535_1/WestPac/1997/Den1_1	1988	417	A	G	99	1			6	60.0	28.33	0.0	0	6	0.05	0.02	166.33	0	0.0	250.0	0.98
Den1/U88535_1/WestPac/1997/Den1_1	2038	21	A	G	95	5			2	60.0	26.5	0.0	2	0	0.64	0.07	587.5	2	0.68	241.0	0.65
Den1/U88535_1/WestPac/1997/Den1_1	2041	22	G	A	91	9			2	60.0	37.5	0.0	2	0	0.66	0.07	587.5	2	0.67	241.0	0.64
Den1/U88535_1/WestPac/1997/Den1_1	2044	13	G	A	85	15			2	60.0	38.0	0.0	2	0	0.69	0.07	587.5	2	0.66	241.0	0.62
Den1/U88535_1/WestPac/1997/Den1_1	2062	21	C	T	95	5			2	60.0	27.5	0.0	2	0	0.72	0.07	587.5	2	0.58	241.0	0.55
Den1/U88535_1/WestPac/1997/Den1_1	2068	12	T	C	92	8			2	60.0	27.5	0.0	2	0	0.72	0.07	587.5	2	0.56	241.0	0.53
Den1/U88535_1/WestPac/1997/Den1_1	2116	13	G	A	85	15			3	60.0	36.0	20.0	2	1	0.52	0.07	596.33	2	0.37	244.0	0.25
Den1/U88535_1/WestPac/1997/Den1_1	2125	22	T	C	91	9			3	60.0	34.33	20.0	2	1	0.49	0.07	596.33	2	0.33	244.0	0.23
Den1/U88535_1/WestPac/1997/Den1_1	2153	22	C	A	91	9			4	60.0	32.25	15.0	3	1	0.32	0.08	583.5	3	0.47	241.75	0.38
Den1/U88535_1/WestPac/1997/Den1_1	2155	22	T	A	91	9			4	60.0	28.5	15.0	3	1	0.32	0.08	583.5	3	0.46	241.75	0.37
Den1/U88535_1/WestPac/1997/Den1_1	2176	23	C	A	91	9			3	60.0	38.33	20.0	2	1	0.43	0.08	586.33	2	0.58	239.0	0.45
Den1/U88535_1/WestPac/1997/Den1_1	2188	14	T	C	86	14			3	60.0	34.67	20.0	2	1	0.47	0.08	586.33	2	0.53	239.0	0.44
Den1/U88535_1/WestPac/1997/Den1_1	2200	23	C	T	91	9			4	60.0	32.5	15.0	2	2	0.39	0.08	660.25	2	0.49	241.5	0.32
Den1/U88535_1/WestPac/1997/Den1_1	2206	24	T	C	92	8			2	60.0	37.5	0.0	1	1	0.17	0.09	741.0	1	0.16	240.5	0.08
Den1/U88535_1/WestPac/1997/Den1_1	2215	42	G	A	95	5			4	60.0	30.25	15.0	2	2	0.45	0.08	660.25	2	0.43	241.5	0.32
Den1/U88535_1/WestPac/1997/Den1_1	2230	34	G	T	91	9			4	60.0	35.75	15.0	1	3	0.52	0.09	693.5	1	0.67	245.75	0.34
Den1/U88535_1/WestPac/1997/Den1_1	2237	25	C	T	88	12			4	60.0	36.0	15.0	1	3	0.55	0.09	693.5	1	0.64	245.75	0.35
Den1/U88535_1/WestPac/1997/Den1_1	2239	25	G	A	88	12			4	60.0	38.0	15.0	1	3	0.55	0.09	693.5	1	0.63	245.75	0.35
Den1/U88535_1/WestPac/1997/Den1_1	2240	34	A	G	91	9			4	60.0	36.25	15.0	1	3	0.56	0.09	693.5	1	0.63	245.75	0.36
Den1/U88535_1/WestPac/1997/Den1_1	2257	43	G	A	93	7			4	60.0	38.5	15.0	1	3	0.63	0.09	693.5	1	0.56	245.75	0.39
Den1/U88535_1/WestPac/1997/Den1_1	2263	34	G	A	91	9			4	60.0	37.0	15.0	1	3	0.65	0.09	693.5	1	0.53	245.75	0.4
Den1/U88535_1/WestPac/1997/Den1_1	2284	43	T	C	98	2			1	60.0	34.0	0.0	1	0	0.85	0.08	545.0	1	0.45	235.0	0.4
Den1/U88535_1/WestPac/1997/Den1_1	2290	43	T	C	93	7			4	60.0	31.5	15.0	1	3	0.67	0.09	693.5	1	0.43	245.75	0.46
Den1/U88535_1/WestPac/1997/Den1_1	2302	35	G	A	89	11			5	60.0	36.4	12.0	1	4	0.55	0.09	737.6	1	0.38	246.6	0.39
Den1/U88535_1/WestPac/1997/Den1_1	2315	44	A	G	91	9			5	60.0	38.2	12.0	1	4	0.57	0.09	737.6	1	0.33	246.6	0.42
Den1/U88535_1/WestPac/1997/Den1_1	2350	43	C	T	98	2			2	60.0	26.5	0.0	0	2	0.83	0.09	807.5	0	0.0	249.0	0.59
Den1/U88535_1/WestPac/1997/Den1_1	2362	44	A	G	91	9			4	60.0	38.25	0.0	1	3	0.55	0.09	768.5	1	0.14	245.75	0.41
Den1/U88535_1/WestPac/1997/Den1_1	2371	35	T	C	91	9			4	60.0	31.75	0.0	1	3	0.52	0.09	768.5	1	0.1	245.75	0.43
Den1/U88535_1/WestPac/1997/Den1_1	2374	53	C	T	94	6			4	60.0	33.75	0.0	1	3	0.5	0.09	768.5	1	0.09	245.75	0.43
Den1/U88535_1/WestPac/1997/Den1_1	2384	44	A	C	93	7			3	60.0	37.0	0.0	0	3	0.62	0.09	843.0	0	0.0	249.33	0.61
Den1/U88535_1/WestPac/1997/Den1_1	2386	53	G	A	94	6			3	60.0	38.33	0.0	0	3	0.61	0.09	843.0	0	0.0	249.33	0.61
Den1/U88535_1/WestPac/1997/Den1_1	2389	44	C	A	93	7			3	60.0	36.67	0.0	0	3	0.6	0.09	843.0	0	0.0	249.33	0.63
Den1/U88535_1/WestPac/1997/Den1_1	2392	53	G	A	4	96			6	60.0	51.33	50.0	2	4	0.63	0.02	274.0	2	0.89	808.83	0.53
Den1/U88535_1/WestPac/1997/Den1_1	2395	53	G	A	94	6			3	60.0	38.67	0.0	0	3	0.59	0.09	843.0	0	0.0	249.33	0.65
Den1/U88535_1/WestPac/1997/Den1_1	2399	53	C	T	96	4			2	60.0	38.0	0.0	0	2	0.43	0.09	807.5	0	0.0	249.0	0.78
Den1/U88535_1/WestPac/1997/Den1_1	2407	53	C	T	98	2			1	60.0	39.0	0.0	0	1	0.93	0.1	914.0	0	0.0	250.0	0.46
Den1/U88535_1/WestPac/1997/Den1_1	2422	44	C	T	93	7			3	60.0	37.0	0.0	0	3	0.48	0.09	843.0	0	0.0	249.33	0.76
Den1/U88535_1/WestPac/1997/Den1_1	2425	43	G	A	95	5			3	60.0	31.0	0.0	0	3	0.46	0.09	843.0	0	0.0	249.33	0.77
Den1/U88535_1/WestPac/1997/Den1_1	2437	53	C	T	94	6			3	60.0	36.67	0.0	0	3	0.36	0.09	843.0	0	0.0	249.33	0.82
Den1/U88535_1/WestPac/1997/Den1_1	2440	52	C	T	96	4			2	60.0	36.5	0.0	0	2	0.51	0.09	823.5	0	0.0	249.5	0.74
Den1/U88535_1/WestPac/1997/Den1_1	2449	51	C	T	98	2			2	60.0	28.0	0.0	0	2	0.44	0.09	823.5	0	0.0	249.5	0.78
Den1/U88535_1/WestPac/1997/Den1_1	2470	42	C	T	98	2			1	60.0	38.0	0.0	0	1	0.57	0.1	914.0	0	0.0	250.0	0.72
Den1/U88535_1/WestPac/1997/Den1_1	2481	52	T	C	98	2			1	60.0	33.0	0.0	1	0	0.03	0.08	758.0	1	0.98	250.0	0.98
Den1/U88535_1/WestPac/1997/Den1_1	2494	52	C	T	96	4			2	60.0	37.0	0.0	1	1	0.26	0.09	836.0	1	0.92	250.0	0.87
Den1/U88535_1/WestPac/1997/Den1_1	2500	52	C	T	96	4			2	60.0	38.5	0.0	1	1	0.26	0.09	836.0	1	0.9	250.0	0.87
Den1/U88535_1/WestPac/1997/Den1_1	2515	52	T	C	98	2			1	60.0	39.0	0.0	0	1	0.21	0.1	914.0	0	0.0	250.0	0.9
Den1/U88535_1/WestPac/1997/Den1_1	2521	34	C	T	94	6			2	60.0	38.5	0.0	1	1	0.26	0.09	836.0	1	0.82	250.0	0.87
Den1/U88535_1/WestPac/1997/Den1_1	2524	34	G	A	94	6			2	60.0	38.5	0.0	1	1	0.26	0.09	836.0	1	0.8	250.0	0.87
Den1/U88535_1/WestPac/1997/Den1_1	2527	52	C	T	96	4			2	60.0	38.0	0.0	1	1	0.26	0.09	836.0	1	0.79	250.0	0.87
Den1/U88535_1/WestPac/1997/Den1_1	2536	52	T	A	96	4			2	60.0	35.0	0.0	1	1	0.26	0.09	836.0	1	0.76	250.0	0.87
Den1/U88535_1/WestPac/1997/Den1_1	2551	51	G	A	98	2			1	60.0	39.0	0.0	1	0	0.59	0.08	758.0	1	0.7	250.0	0.7
Den1/U88535_1/WestPac/1997/Den1_1	2557	33	T	C	97	3			1	60.0	39.0	0.0	1	0	0.64	0.08	758.0	1	0.67	250.0	0.67
Den1/U88535_1/WestPac/1997/Den1_1	2599	24	C	A	92	8			2	60.0	37.5	0.0	1	1	0.62	0.08	684.5	1	0.5	250.0	0.32
Den1/U88535_1/WestPac/1997/Den1_1	2642	52	T	C	96	4			2	60.0	38.5	0.0	1	1	0.64	0.08	684.5	1	0.33	250.0	0.32
Den1/U88535_1/WestPac/1997/Den1_1	2644	52	A	G	96	4			2	60.0	39.0	0.0	1	1	0.64	0.08	684.5	1	0.32	250.0	0.32
Den1/U88535_1/WestPac/1997/Den1_1	2677	33	T	C	94	6			2	60.0	36.5	0.0	1	1	0.64	0.08	684.5	1	0.19	250.0	0.32
Den1/U88535_1/WestPac/1997/Den1_1	2686	52	C	T	96	4			2	60.0	38.0	0.0	1	1	0.64	0.08	684.5	1	0.16	250.0	0.32
Den1/U88535_1/WestPac/1997/Den1_1	2695	43	C	T	95	5			2	60.0	39.0	0.0	1	1	0.62	0.08	684.5	1	0.12	250.0	0.32
Den1/U88535_1/WestPac/1997/Den1_1	2699	43	A	G	95	5			2	60.0	38.0	0.0	1	1	0.58	0.08	684.5	1	0.1	250.0	0.32
Den1/U88535_1/WestPac/1997/Den1_1	2700	52	G	C	96	4			2	60.0	37.0	0.0	1	1	0.58	0.08	684.5	1	0.1	250.0	0.32
Den1/U88535_1/WestPac/1997/Den1_1	2704	52	A	G	96	4			2	60.0	38.0	0.0	1	1	0.54	0.08	684.5	1	0.08	250.0	0.32
Den1/U88535_1/WestPac/1997/Den1_1	2713	32	C	T	94	6			2	60.0	38.5	0.0	1	1	0.47	0.08	684.5	1	0.05	250.0	0.32
Den1/U88535_1/WestPac/1997/Den1_1	2719	43	A	G	95	5			2	60.0	38.5	0.0	1	1	0.42	0.08	684.5	1	0.02	250.0	0.32
Den1/U88535_1/WestPac/1997/Den1_1	2722	52	G	A	96	4			2	60.0	38.5	0.0	1	1	0.4	0.08	684.5	1	0.01	250.0	0.32
Den1/U88535_1/WestPac/1997/Den1_1	2750	33	C	T	97	3			1	60.0	39.0	0.0	0	1	0.54	0.07	611.0	0	0.0	250.0	0.73
Den1/U88535_1/WestPac/1997/Den1_1	2779	38	A	G	84	16			7	60.0	34.14	0.0	4	3	0.08	0.02	149.0	4	0.97	228.0	0.68
Den1/U88535_1/WestPac/1997/Den1_1	2782	85	C	T	59	41			38	60.0	33.11	0.0	29	9	0.03	0.01	73.55	29	0.98	240.29	0.77
Den1/U88535_1/WestPac/1997/Den1_1	2794	752	A	G	99	1			7	60.0	32.57	0.0	6	1	0.06	0.05	279.57	6	0.97	230.71	0.89
Den1/U88535_1/WestPac/1997/Den1_1	2800	1444	T	C	99	1			8	60.0	32.88	0.0	8	0	0.04	0.01	43.12	8	0.97	249.25	0.97
Den1/U88535_1/WestPac/1997/Den1_1	2815	2411	C	T	99	1			26	60.0	35.65	0.0	25	1	0.12	0.01	57.23	25	0.93	242.73	0.9
Den1/U88535_1/WestPac/1997/Den1_1	2855	3586	A	G	99	1			19	60.0	35.47	0.0	17	2	0.29	0.05	409.79	17	0.85	241.05	0.78
Den1/U88535_1/WestPac/1997/Den1_1	2887	4665	A	G	99	1			33	60.0	37.45	0.0	27	6	0.42	0.04	374.09	27	0.73	231.06	0.66
Den1/U88535_1/WestPac/1997/Den1_1	2896	4904	A	G	99	1			31	60.0	37.1	0.0	25	6	0.52	0.01	47.65	25	0.67	228.29	0.61
Den1/U88535_1/WestPac/1997/Den1_1	2924	5593	T	C	99	1			35	60.0	33.83	0.0	29	6	0.61	0.05	405.6	29	0.66	237.91	0.58
Den1/U88535_1/WestPac/1997/Den1_1	2947	6730	T	C	99	1			41	60.0	35.1	0.0	33	8	0.57	0.05	403.32	33	0.64	241.68	0.58
Den1/U88535_1/WestPac/1997/Den1_1	2989	7842	T	C	99	1			56	60.0	34.11	0.0	45	11	0.48	0.06	460.75	45	0.54	240.34	0.51
Den1/U88535_1/WestPac/1997/Den1_1	2995	8013	A	G	99	1			56	60.0	35.5	0.0	45	11	0.52	0.05	445.14	45	0.54	243.62	0.51
Den1/U88535_1/WestPac/1997/Den1_1	3001	8111	C	T	99	1			45	60.0	36.49	0.0	35	10	0.5	0.06	537.73	35	0.52	242.13	0.51
Den1/U88535_1/WestPac/1997/Den1_1	3004	8248	T	C	99	1			51	60.0	33.82	0.0	41	10	0.49	0.06	491.69	41	0.52	242.45	0.5
Den1/U88535_1/WestPac/1997/Den1_1	3007	8290	T	C	99	1			85	60.0	34.71	0.0	64	21	0.4	0.01	68.44	64	0.61	233.91	0.55
Den1/U88535_1/WestPac/1997/Den1_1	3046	8634	T	C	99	1			61	60.0	34.15	0.98	43	18	0.43	0.06	500.34	43	0.46	243.31	0.42
Den1/U88535_1/WestPac/1997/Den1_1	3053	7800	T	C	99	1			65	60.0	33.38	0.92	47	18	0.49	0.05	416.37	47	0.47	246.26	0.43
Den1/U88535_1/WestPac/1997/Den1_1	3067	7986	C	T	99	1			48	60.0	36.98	1.25	33	15	0.51	0.07	583.85	33	0.53	247.65	0.51
Den1/U88535_1/WestPac/1997/Den1_1	3082	8275	G	A	99	1			63	60.0	34.84	0.95	40	23	0.45	0.07	569.56	40	0.47	243.0	0.43
Den1/U88535_1/WestPac/1997/Den1_1	3088	8047	C	T	99	1			65	60.0	34.45	0.92	41	24	0.45	0.06	552.09	41	0.52	243.35	0.46
Den1/U88535_1/WestPac/1997/Den1_1	3127	9061	C	T	99	1			71	60.0	35.85	0.85	44	27	0.51	0.07	587.85	44	0.55	242.49	0.47
Den1/U88535_1/WestPac/1997/Den1_1	3139	9068	G	A	99	1			66	60.0	37.26	0.91	39	27	0.52	0.07	582.71	39	0.58	242.0	0.49
Den1/U88535_1/WestPac/1997/Den1_1	3144	9052	T	C	1	99			9286	60.0	37.39	0.07	5414	3872	0.49	0.01	49.15	5418	0.5	242.1	0.47
Den1/U88535_1/WestPac/1997/Den1_1	3148	9164	C	T	99	1			77	60.0	37.17	0.78	46	31	0.5	0.06	554.49	46	0.54	239.04	0.48
Den1/U88535_1/WestPac/1997/Den1_1	3157	9929	A	C	99	1			75	60.0	36.93	0.8	45	30	0.5	0.07	610.17	45	0.56	238.16	0.49
Den1/U88535_1/WestPac/1997/Den1_1	3200	10046	T	C	99	1			108	60.0	35.47	0.0	64	44	0.35	0.01	71.07	64	0.63	235.77	0.56
Den1/U88535_1/WestPac/1997/Den1_1	3201	9939	T	C	97	3			352	60.0	36.43	0.0	205	147	0.43	0.01	67.01	205	0.64	238.2	0.55
Den1/U88535_1/WestPac/1997/Den1_1	3211	10095	A	G	99	1			80	60.0	36.85	0.0	48	32	0.54	0.07	634.94	48	0.49	240.5	0.47
Den1/U88535_1/WestPac/1997/Den1_1	3227	10118	T	C	99	1			80	60.0	35.45	0.0	50	30	0.54	0.07	605.81	50	0.52	241.94	0.51
Den1/U88535_1/WestPac/1997/Den1_1	3229	10144	G	A	99	1			77	60.0	35.97	0.0	45	32	0.58	0.07	631.86	45	0.48	241.73	0.48
Den1/U88535_1/WestPac/1997/Den1_1	3238	10493	A	G	99	1			87	60.0	36.31	0.0	45	42	0.55	0.07	595.92	45	0.48	243.79	0.47
Den1/U88535_1/WestPac/1997/Den1_1	3244	10393	A	G	99	1			76	60.0	36.62	0.0	40	36	0.56	0.07	650.14	40	0.44	243.99	0.45
Den1/U88535_1/WestPac/1997/Den1_1	3256	10501	A	G	99	1			82	59.9	37.21	0.0	42	40	0.53	0.07	616.89	42	0.46	237.1	0.47
Den1/U88535_1/WestPac/1997/Den1_1	3262	10409	A	G	99	1			90	59.91	36.66	0.0	46	44	0.52	0.07	600.29	46	0.48	232.2	0.47
Den1/U88535_1/WestPac/1997/Den1_1	3271	10640	T	A	99	1			77	59.81	36.14	0.0	37	40	0.52	0.08	689.73	37	0.45	241.62	0.46
Den1/U88535_1/WestPac/1997/Den1_1	3316	11100	A	G	99	1			81	60.0	36.52	0.0	36	45	0.43	0.08	675.94	36	0.38	241.81	0.45
Den1/U88535_1/WestPac/1997/Den1_1	3339	10689	C	T	97	3			390	60.0	36.05	0.0	162	228	0.44	0.02	162.43	162	0.36	237.37	0.48
Den1/U88535_1/WestPac/1997/Den1_1	3343	10575	C	T	99	1			72	60.0	36.99	0.0	33	39	0.52	0.08	651.0	33	0.36	240.35	0.43
Den1/U88535_1/WestPac/1997/Den1_1	3355	10264	C	T	99	1			71	60.0	35.28	0.0	33	38	0.48	0.07	623.2	33	0.3	238.18	0.41
Den1/U88535_1/WestPac/1997/Den1_1	3358	10309	T	C	99	1			79	60.0	34.89	0.0	34	45	0.51	0.06	539.51	34	0.36	232.96	0.45
Den1/U88535_1/WestPac/1997/Den1_1	3371	9617	T	C	99	1			72	60.0	34.86	0.0	29	43	0.53	0.07	597.99	29	0.39	238.82	0.43
Den1/U88535_1/WestPac/1997/Den1_1	3376	9484	C	A	99	1			64	60.0	33.34	0.0	23	41	0.52	0.08	649.75	23	0.31	241.14	0.42
Den1/U88535_1/WestPac/1997/Den1_1	3380	9609	C	T	99	1			68	60.0	34.6	0.0	27	41	0.52	0.07	627.47	27	0.39	233.51	0.45
Den1/U88535_1/WestPac/1997/Den1_1	3390	9939	A	G	99	1			65	60.0	37.29	0.0	25	40	0.53	0.08	663.14	25	0.37	240.63	0.44
Den1/U88535_1/WestPac/1997/Den1_1	3400	10161	C	T	99	1			66	59.89	35.09	0.0	23	43	0.47	0.08	686.02	23	0.33	240.06	0.39
Den1/U88535_1/WestPac/1997/Den1_1	3412	10053	C	T	99	1			106	60.0	36.27	0.0	33	73	0.38	0.01	87.14	33	0.31	240.25	0.51
Den1/U88535_1/WestPac/1997/Den1_1	3415	9759	C	T	99	1			60	60.0	35.03	0.0	17	43	0.46	0.08	642.2	17	0.38	238.78	0.43
Den1/U88535_1/WestPac/1997/Den1_1	3439	9472	G	A	99	1			66	60.0	37.15	0.0	17	49	0.47	0.08	653.64	17	0.43	235.33	0.46
Den1/U88535_1/WestPac/1997/Den1_1	3451	9175	C	T	99	1			67	60.0	35.9	0.0	19	48	0.46	0.08	647.88	19	0.42	233.76	0.47
Den1/U88535_1/WestPac/1997/Den1_1	3457	9717	T	C	99	1			70	60.0	35.91	0.0	19	51	0.45	0.07	545.89	19	0.42	232.11	0.48
Den1/U88535_1/WestPac/1997/Den1_1	3460	9522	G	A	99	1			64	60.0	37.05	0.0	15	49	0.49	0.07	615.34	15	0.44	232.78	0.47
Den1/U88535_1/WestPac/1997/Den1_1	3484	8746	A	G	99	1			85	60.0	31.95	0.0	36	49	0.45	0.06	458.93	36	0.26	233.69	0.42
Den1/U88535_1/WestPac/1997/Den1_1	3496	8112	T	C	99	1			65	60.0	36.06	0.0	15	50	0.51	0.06	536.09	15	0.36	236.46	0.5
Den1/U88535_1/WestPac/1997/Den1_1	3541	6594	A	G	99	1			46	60.0	36.41	0.0	11	35	0.58	0.07	553.24	11	0.25	232.7	0.54
Den1/U88535_1/WestPac/1997/Den1_1	3559	5769	C	T	99	1			39	60.0	35.77	0.0	6	33	0.64	0.06	501.31	6	0.31	239.38	0.59
Den1/U88535_1/WestPac/1997/Den1_1	3584	5481	T	C	94	6			336	60.0	34.88	0.0	266	70	0.09	0.01	88.15	266	0.95	228.34	0.82
Den1/U88535_1/WestPac/1997/Den1_1	3606	5424	C	T	99	1			36	60.0	35.44	0.0	8	28	0.4	0.07	483.53	8	0.52	228.42	0.7
Den1/U88535_1/WestPac/1997/Den1_1	3632	5261	C	T	99	1			63	60.0	36.37	0.0	18	45	0.19	0.01	56.32	18	0.53	224.6	0.79
Den1/U88535_1/WestPac/1997/Den1_1	3637	5207	C	T	98	2			115	60.0	35.24	0.0	32	83	0.17	0.01	48.45	33	0.67	237.46	0.82
Den1/U88535_1/WestPac/1997/Den1_1	3640	5266	G	A	99	1			35	60.0	34.83	0.0	15	20	0.34	0.07	449.83	15	0.64	218.83	0.73
Den1/U88535_1/WestPac/1997/Den1_1	3641	5135	C	T	99	1			36	60.0	32.78	0.0	17	19	0.37	0.07	454.92	17	0.63	217.06	0.7
Den1/U88535_1/WestPac/1997/Den1_1	3646	5390	T	C	99	1			37	60.0	33.78	0.0	19	18	0.38	0.07	438.51	19	0.62	216.35	0.68
Den1/U88535_1/WestPac/1997/Den1_1	3688	4264	A	G	99	1			37	60.0	35.05	0.0	21	16	0.3	0.01	50.05	21	0.76	239.68	0.81
Den1/U88535_1/WestPac/1997/Den1_1	3691	4214	A	G	99	1			30	59.83	32.73	1.83	14	16	0.23	0.06	440.8	14	0.53	220.8	0.76
Den1/U88535_1/WestPac/1997/Den1_1	3704	3742	T	C	89	11			431	59.99	33.62	0.13	77	354	0.05	0.01	68.03	77	0.12	222.75	0.83
Den1/U88535_1/WestPac/1997/Den1_1	3754	4448	T	C	99	1			27	59.81	35.33	2.04	20	7	0.59	0.08	608.78	20	0.57	239.19	0.49
Den1/U88535_1/WestPac/1997/Den1_1	3799	5308	G	A	99	1			70	60.0	36.17	0.0	53	17	0.47	0.01	49.77	53	0.57	236.53	0.54
Den1/U88535_1/WestPac/1997/Den1_1	3908	5493	C	T	99	1			36	59.86	36.22	3.19	20	16	0.5	0.06	440.28	20	0.43	241.67	0.42
Den1/U88535_1/WestPac/1997/Den1_1	3916	5472	T	A	99	1			55	60.0	35.02	0.0	35	20	0.42	0.01	49.02	35	0.53	246.16	0.49
Den1/U88535_1/WestPac/1997/Den1_1	3928	5809	T	C	99	1			35	60.0	36.17	1.71	21	14	0.46	0.07	564.29	21	0.48	234.06	0.5
Den1/U88535_1/WestPac/1997/Den1_1	4018	6735	C	T	99	1			62	60.0	37.02	0.0	38	24	0.41	0.01	47.66	38	0.57	244.0	0.52
Den1/U88535_1/WestPac/1997/Den1_1	4375	8197	A	C	99	1			47	60.0	34.7	0.0	23	24	0.51	0.01	60.57	23	0.53	232.11	0.53
Den1/U88535_1/WestPac/1997/Den1_1	4410	7645	C	T	98	2			163	60.0	36.03	0.0	58	105	0.45	0.01	49.17	58	0.41	230.33	0.56
Den1/U88535_1/WestPac/1997/Den1_1	4411	7670	A	G	99	1			59	60.0	28.83	0.0	30	29	0.35	0.03	145.73	30	0.86	230.07	0.71
Den1/U88535_1/WestPac/1997/Den1_1	4414	7712	C	A	99	1			56	60.0	30.71	0.0	43	13	0.17	0.02	136.68	43	0.78	224.91	0.68
Den1/U88535_1/WestPac/1997/Den1_1	4454	7923	G	T	99	1			100	60.0	34.09	0.0	57	43	0.37	0.01	77.23	57	0.68	239.74	0.63
Den1/U88535_1/WestPac/1997/Den1_1	4543	6319	C	T	90	10			632	60.0	34.06	0.09	96	536	0.07	0.01	46.91	96	0.1	224.7	0.83
Den1/U88535_1/WestPac/1997/Den1_1	4555	5934	A	G	1	99			6053	60.0	36.97	0.05	3711	2342	0.51	0.01	49.51	3711	0.52	241.4	0.51
Den1/U88535_1/WestPac/1997/Den1_1	4882	6129	C	T	99	1			66	60.0	33.55	0.0	25	41	0.53	0.02	107.85	25	0.37	246.64	0.45
Den1/U88535_1/WestPac/1997/Den1_1	4944	5628	G	A	5	95			5525	59.99	37.29	0.04	1975	3550	0.5	0.01	97.24	1977	0.43	243.38	0.48
Den1/U88535_1/WestPac/1997/Den1_1	5008	4821	C	T	0	100			5129	60.0	36.48	0.05	1632	3497	0.49	0.02	146.84	1634	0.47	241.4	0.51
Den1/U88535_1/WestPac/1997/Den1_1	5044	4806	T	C	99	1			46	60.0	30.93	0.0	11	35	0.35	0.04	250.7	11	0.41	242.93	0.35
Den1/U88535_1/WestPac/1997/Den1_1	5061	4822	A	T	98	2			125	60.0	34.51	0.0	49	76	0.46	0.03	232.02	49	0.5	240.38	0.46
Den1/U88535_1/WestPac/1997/Den1_1	5116	4492	G	A	0	100			4595	60.0	36.68	0.03	1159	3436	0.54	0.03	242.38	1162	0.4	240.81	0.46
Den1/U88535_1/WestPac/1997/Den1_1	5131	4325	T	C	0	100			4550	60.0	35.7	0.03	1125	3425	0.55	0.03	247.2	1128	0.36	240.53	0.48
Den1/U88535_1/WestPac/1997/Den1_1	5144	4300	G	C	98	2			88	60.0	34.57	0.0	26	62	0.42	0.04	274.5	26	0.5	233.43	0.48
Den1/U88535_1/WestPac/1997/Den1_1	5160	3727	G	A	0	100			3805	60.0	37.87	0.02	858	2947	0.62	0.04	269.24	859	0.38	240.42	0.5
Den1/U88535_1/WestPac/1997/Den1_1	5164	3667	G	A	0	100			3763	60.0	37.58	0.02	853	2910	0.62	0.04	270.08	854	0.36	240.55	0.51
Den1/U88535_1/WestPac/1997/Den1_1	5167	3599	C	G	0	100			3751	60.0	36.14	0.02	844	2907	0.61	0.04	270.12	845	0.35	240.54	0.52
Den1/U88535_1/WestPac/1997/Den1_1	5168	3617	G	C	0	100			3749	60.0	35.97	0.02	841	2908	0.61	0.04	269.87	842	0.35	240.54	0.52
Den1/U88535_1/WestPac/1997/Den1_1	5230	3087	G	A	0	100			3179	60.0	37.2	0.02	595	2584	0.47	0.04	265.4	597	0.24	237.31	0.61
Den1/U88535_1/WestPac/1997/Den1_1	5278	2716	A	G	0	100			2806	59.99	36.78	0.06	1102	1704	0.36	0.03	222.36	1104	0.71	233.08	0.71
Den1/U88535_1/WestPac/1997/Den1_1	5284	2820	A	G	2	98			2862	60.0	36.73	0.06	1244	1618	0.34	0.03	211.06	1246	0.75	232.76	0.73
Den1/U88535_1/WestPac/1997/Den1_1	5320	2663	T	C	98	2			52	60.0	34.4	0.0	25	27	0.33	0.03	194.42	25	0.85	233.08	0.73
Den1/U88535_1/WestPac/1997/Den1_1	5326	2584	T	C	96	4			104	60.0	33.24	0.58	40	64	0.35	0.03	212.49	40	0.67	233.97	0.7
Den1/U88535_1/WestPac/1997/Den1_1	5338	2526	T	C	98	1			38	60.0	32.95	0.0	8	30	0.15	0.04	316.79	8	0.42	232.5	0.82
Den1/U88535_1/WestPac/1997/Den1_1	5356	2783	T	C	99	1			26	60.0	34.88	0.0	10	16	0.35	0.04	241.96	10	0.55	192.04	0.65
Den1/U88535_1/WestPac/1997/Den1_1	5386	3030	T	C	0	100			3172	60.0	36.66	0.06	2461	711	0.54	0.01	85.48	2461	0.65	235.78	0.62
Den1/U88535_1/WestPac/1997/Den1_1	5419	3629	T	C	95	5			201	60.0	34.45	0.0	53	148	0.11	0.02	171.62	53	0.54	231.19	0.83
Den1/U88535_1/WestPac/1997/Den1_1	5422	3819	C	T	98	2			60	60.0	35.22	0.0	31	29	0.22	0.02	165.47	31	0.59	229.23	0.75
Den1/U88535_1/WestPac/1997/Den1_1	5545	4937	A	G	97	3			143	60.0	36.77	0.0	95	48	0.4	0.01	58.63	95	0.55	235.66	0.52
Den1/U88535_1/WestPac/1997/Den1_1	5587	5213	A	G	98	2			103	60.0	36.92	0.0	73	30	0.53	0.01	55.6	73	0.43	242.49	0.43
Den1/U88535_1/WestPac/1997/Den1_1	5623	5162	A	G	98	2			95	60.0	36.51	0.0	64	31	0.5	0.01	51.29	64	0.48	243.79	0.46
Den1/U88535_1/WestPac/1997/Den1_1	5785	5433	G	A	99	1			39	60.0	33.26	0.0	13	26	0.43	0.01	65.33	13	0.37	244.08	0.44
Den1/U88535_1/WestPac/1997/Den1_1	5806	4889	C	T	99	1			41	60.0	31.71	0.0	16	25	0.49	0.01	67.0	16	0.36	239.61	0.5
Den1/U88535_1/WestPac/1997/Den1_1	6217	1118	T	C	94	6			74	60.0	35.72	0.0	59	15	0.1	0.01	81.11	59	0.94	220.62	0.77
Den1/U88535_1/WestPac/1997/Den1_1	6243	1011	A	G	99	1			10	60.0	29.3	0.0	4	6	0.1	0.02	76.5	4	0.7	249.2	0.85
Den1/U88535_1/WestPac/1997/Den1_1	6248	958	A	G	99	1			6	60.0	35.67	0.0	5	1	0.2	0.01	84.83	5	0.91	236.83	0.79
Den1/U88535_1/WestPac/1997/Den1_1	6261	776	A	G	99	1			5	60.0	30.0	0.0	1	4	0.05	0.02	32.6	1	0.0	249.8	0.78
Den1/U88535_1/WestPac/1997/Den1_1	6284	578	A	G	99	1			4	60.0	30.0	0.0	3	1	0.28	0.03	144.25	3	0.84	232.25	0.81
Den1/U88535_1/WestPac/1997/Den1_1	6286	579	A	G	99	1			3	60.0	38.0	0.0	2	1	0.23	0.01	61.33	2	0.38	200.33	0.57
Den1/U88535_1/WestPac/1997/Den1_1	6295	515	A	G	99	1			3	60.0	38.67	0.0	2	1	0.53	0.01	77.33	2	0.73	222.67	0.58
Den1/U88535_1/WestPac/1997/Den1_1	6311	483	G	A	99	1			4	60.0	32.5	0.0	3	1	0.42	0.03	147.0	3	0.75	232.5	0.5
Den1/U88535_1/WestPac/1997/Den1_1	6340	746	T	C	99	1			4	60.0	36.75	0.0	4	0	0.33	0.09	614.0	4	0.84	230.25	0.77
Den1/U88535_1/WestPac/1997/Den1_1	6341	747	C	T	13	87			677	60.0	37.15	0.0	567	110	0.53	0.01	51.86	567	0.71	237.18	0.64
Den1/U88535_1/WestPac/1997/Den1_1	6352	811	C	T	99	1			5	60.0	35.8	0.0	5	0	0.31	0.07	497.6	5	0.82	210.2	0.77
Den1/U88535_1/WestPac/1997/Den1_1	6385	899	A	T	99	1			9	60.0	38.56	0.0	8	1	0.63	0.01	55.33	8	0.64	224.44	0.63
Den1/U88535_1/WestPac/1997/Den1_1	6509	1527	A	G	98	2			27	60.0	36.3	0.0	19	8	0.58	0.01	76.67	19	0.5	249.19	0.49
Den1/U88535_1/WestPac/1997/Den1_1	6520	1573	A	G	99	1			15	60.0	33.13	0.0	8	7	0.36	0.03	271.07	8	0.41	248.93	0.34
Den1/U88535_1/WestPac/1997/Den1_1	6559	1741	A	G	98	2			38	60.0	34.76	0.0	28	10	0.42	0.01	95.24	28	0.42	242.58	0.4
Den1/U88535_1/WestPac/1997/Den1_1	6580	1657	G	T	98	2			27	60.0	37.89	0.0	17	10	0.61	0.01	111.22	17	0.58	236.04	0.53
Den1/U88535_1/WestPac/1997/Den1_1	6652	1757	C	T	0	100			1835	60.0	36.73	0.13	1004	831	0.51	0.01	93.32	1004	0.46	238.1	0.49
Den1/U88535_1/WestPac/1997/Den1_1	6659	1973	C	T	1	99			2025	59.99	36.94	0.12	1150	875	0.45	0.01	91.19	1150	0.52	235.42	0.51
Den1/U88535_1/WestPac/1997/Den1_1	6698	1849	T	C	99	1			18	60.0	36.22	0.0	7	11	0.49	0.02	134.28	7	0.27	238.44	0.46
Den1/U88535_1/WestPac/1997/Den1_1	6774	1834	A	G	99	1			28	60.0	35.96	0.0	14	14	0.53	0.01	113.04	14	0.59	248.64	0.49
Den1/U88535_1/WestPac/1997/Den1_1	6802	1785	A	G	99	1			11	60.0	35.82	0.0	4	7	0.45	0.01	125.91	4	0.16	245.73	0.37
Den1/U88535_1/WestPac/1997/Den1_1	6806	1842	A	G	97	3			49	60.0	37.73	0.0	20	29	0.51	0.01	112.76	20	0.42	243.51	0.45
Den1/U88535_1/WestPac/1997/Den1_1	6815	1820	A	G	99	1			15	60.0	36.13	0.0	6	9	0.34	0.01	118.4	6	0.22	231.67	0.32
Den1/U88535_1/WestPac/1997/Den1_1	6819	1763	C	T	0	100			1871	60.0	36.44	0.06	796	1075	0.54	0.01	69.19	798	0.43	242.54	0.43
Den1/U88535_1/WestPac/1997/Den1_1	6861	1776	A	G	99	1			14	60.0	28.43	0.0	4	10	0.35	0.01	54.21	4	0.65	229.36	0.37
Den1/U88535_1/WestPac/1997/Den1_1	6988	1154	A	G	98	2			30	60.0	30.5	0.0	24	6	0.14	0.03	131.27	24	0.98	234.4	0.84
Den1/U88535_1/WestPac/1997/Den1_1	6997	1193	T	C	93	7			92	59.73	33.72	0.0	79	13	0.06	0.02	90.92	79	0.97	222.04	0.82
Den1/U88535_1/WestPac/1997/Den1_1	7003	1188	C	A	99	1			7	60.0	35.29	0.0	4	3	0.64	0.03	119.71	4	0.25	243.86	0.4
Den1/U88535_1/WestPac/1997/Den1_1	7022	1126	C	T	99	1			13	60.0	37.15	0.0	1	12	0.44	0.01	61.77	1	0.15	249.15	0.73
Den1/U88535_1/WestPac/1997/Den1_1	7129	824	T	C	84	16			145	60.0	32.9	0.0	22	123	0.05	0.01	50.78	22	0.1	224.09	0.83
Den1/U88535_1/WestPac/1997/Den1_1	7134	692	T	C	99	1			8	60.0	28.0	0.0	6	2	0.3	0.04	153.62	6	0.63	205.62	0.72
Den1/U88535_1/WestPac/1997/Den1_1	7164	933	T	C	96	4			38	60.0	35.11	0.0	31	7	0.56	0.02	55.08	31	0.67	228.74	0.62
Den1/U88535_1/WestPac/1997/Den1_1	7165	888	T	C	66	8			79	60.0	34.53	0.0	67	12	0.47	0.01	65.22	67	0.66	243.0	0.6
Den1/U88535_1/WestPac/1997/Den1_1	7165	888	T	G	66	26			301	60.0	31.57	0.0	243	58	0.5	0.02	94.86	243	0.66	236.41	0.58
Den1/U88535_1/WestPac/1997/Den1_1	7172	836	G	A	92	8			79	60.0	34.23	0.0	64	15	0.49	0.02	104.84	64	0.68	242.72	0.58
Den1/U88535_1/WestPac/1997/Den1_1	7173	781	T	C	91	9			96	60.0	30.28	0.0	78	18	0.52	0.02	102.81	78	0.61	241.4	0.54
Den1/U88535_1/WestPac/1997/Den1_1	7243	978	A	G	99	1			7	60.0	33.0	0.0	4	3	0.65	0.05	400.43	4	0.29	249.71	0.32
Den1/U88535_1/WestPac/1997/Den1_1	7270	1044	C	T	99	1			11	60.0	31.18	0.0	8	3	0.72	0.04	299.18	8	0.35	249.64	0.39
Den1/U88535_1/WestPac/1997/Den1_1	7273	972	C	T	99	1			7	60.0	34.71	0.0	3	4	0.68	0.04	370.29	3	0.37	249.86	0.37
Den1/U88535_1/WestPac/1997/Den1_1	7309	1109	C	T	99	1			17	60.0	31.41	0.0	11	6	0.5	0.03	199.65	11	0.37	249.35	0.4
Den1/U88535_1/WestPac/1997/Den1_1	7574	1567	G	A	99	1			21	60.0	37.48	0.0	13	8	0.48	0.01	60.24	13	0.38	237.62	0.37
Den1/U88535_1/WestPac/1997/Den1_1	7654	1375	T	C	99	1			8	60.0	35.5	0.0	4	4	0.68	0.03	140.5	4	0.42	211.75	0.44
Den1/U88535_1/WestPac/1997/Den1_1	7661	1461	A	G	88	12			188	60.0	36.77	0.32	72	116	0.43	0.01	69.03	72	0.46	238.67	0.52
Den1/U88535_1/WestPac/1997/Den1_1	7669	1439	G	T	97	3			43	60.0	34.7	0.0	15	28	0.4	0.02	104.44	15	0.58	235.23	0.51
Den1/U88535_1/WestPac/1997/Den1_1	7693	1291	A	G	99	1			8	60.0	35.25	0.0	3	5	0.44	0.01	99.75	3	0.42	238.25	0.52
Den1/U88535_1/WestPac/1997/Den1_1	7721	1297	C	A	0	100			1362	60.0	35.94	0.13	437	925	0.5	0.01	53.36	438	0.39	242.16	0.44
Den1/U88535_1/WestPac/1997/Den1_1	7732	1394	C	T	95	5			76	60.0	32.87	0.0	67	9	0.04	0.01	52.5	67	0.98	227.97	0.87
Den1/U88535_1/WestPac/1997/Den1_1	7777	1721	G	A	94	4			70	60.0	36.71	0.0	18	52	0.51	0.01	90.04	18	0.45	244.56	0.47
Den1/U88535_1/WestPac/1997/Den1_1	7777	1721	G	T	94	2			38	60.0	35.53	0.0	8	30	0.46	0.01	85.32	8	0.44	236.84	0.44
Den1/U88535_1/WestPac/1997/Den1_1	7802	1782	G	A	98	2			30	60.0	36.67	0.0	4	26	0.45	0.01	82.57	4	0.31	249.07	0.5
Den1/U88535_1/WestPac/1997/Den1_1	7805	1744	A	G	99	1			11	60.0	36.0	0.0	2	9	0.63	0.01	77.36	2	0.55	246.45	0.46
Den1/U88535_1/WestPac/1997/Den1_1	7909	2003	A	G	99	1			16	60.0	35.88	0.0	11	5	0.4	0.01	64.81	11	0.76	231.69	0.68
Den1/U88535_1/WestPac/1997/Den1_1	8052	4537	G	A	99	1			69	59.81	35.39	0.0	47	22	0.37	0.01	81.91	47	0.6	241.55	0.55
Den1/U88535_1/WestPac/1997/Den1_1	8087	5204	C	A	99	1			32	60.0	34.94	0.0	27	5	0.6	0.01	95.84	27	0.59	244.31	0.55
Den1/U88535_1/WestPac/1997/Den1_1	8152	6311	G	A	0	100			6387	60.0	38.06	0.03	4618	1769	0.52	0.01	63.46	4618	0.45	244.15	0.42
Den1/U88535_1/WestPac/1997/Den1_1	8268	6450	A	G	97	3			184	60.0	36.27	0.0	77	107	0.43	0.01	114.97	77	0.46	242.4	0.49
Den1/U88535_1/WestPac/1997/Den1_1	8285	6195	T	C	0	100			6454	60.0	37.09	0.02	3053	3401	0.5	0.01	94.15	3053	0.48	243.31	0.44
Den1/U88535_1/WestPac/1997/Den1_1	8430	6131	G	A	0	100			6266	60.0	37.68	0.03	2669	3597	0.5	0.01	100.51	2669	0.49	240.8	0.52
Den1/U88535_1/WestPac/1997/Den1_1	8449	6290	C	T	0	100			6523	60.0	37.27	0.03	2799	3724	0.47	0.01	96.87	2799	0.48	240.41	0.52
Den1/U88535_1/WestPac/1997/Den1_1	8527	5581	C	T	99	1			39	60.0	35.62	0.0	17	22	0.44	0.01	103.87	17	0.61	239.87	0.69
Den1/U88535_1/WestPac/1997/Den1_1	8617	5218	T	C	97	3			155	60.0	36.06	0.0	76	79	0.36	0.01	69.39	76	0.54	233.82	0.55
Den1/U88535_1/WestPac/1997/Den1_1	8728	4972	T	C	99	1			52	60.0	36.35	0.0	14	38	0.51	0.01	56.73	14	0.18	239.54	0.4
Den1/U88535_1/WestPac/1997/Den1_1	8865	2612	G	A	99	1			39	60.0	35.9	0.0	3	36	0.2	0.01	44.26	3	0.62	218.41	0.83
Den1/U88535_1/WestPac/1997/Den1_1	8884	1728	G	A	97	3			59	60.0	34.59	0.0	6	53	0.2	0.01	45.58	6	0.32	236.95	0.83
Den1/U88535_1/WestPac/1997/Den1_1	8889	1390	A	G	96	4			53	60.0	35.21	0.0	4	49	0.3	0.01	55.75	4	0.13	234.36	0.79
Den1/U88535_1/WestPac/1997/Den1_1	8896	1371	T	C	95	5			72	60.0	34.81	0.0	59	13	0.07	0.01	85.68	59	0.94	221.22	0.78
Den1/U88535_1/WestPac/1997/Den1_1	8902	1350	A	G	91	9			124	60.0	34.65	0.0	104	20	0.06	0.01	65.76	104	0.96	230.03	0.83
Den1/U88535_1/WestPac/1997/Den1_1	8905	1365	A	G	99	1			16	60.0	33.94	0.0	8	8	0.17	0.02	58.31	8	0.91	201.38	0.81
Den1/U88535_1/WestPac/1997/Den1_1	8940	869	A	G	99	1			8	60.0	33.25	0.0	3	5	0.1	0.01	65.25	3	0.94	228.75	0.84
Den1/U88535_1/WestPac/1997/Den1_1	8942	816	A	G	99	1			5	60.0	34.0	0.0	1	4	0.2	0.01	57.2	1	0.55	248.8	0.9
Den1/U88535_1/WestPac/1997/Den1_1	8956	719	A	G	99	1			5	60.0	29.8	0.0	0	5	0.04	0.0	29.8	0	0.0	250.0	0.98
Den1/U88535_1/WestPac/1997/Den1_1	9006	994	T	C	98	2			22	59.73	35.0	0.0	18	4	0.34	0.01	58.59	18	0.84	221.05	0.7
Den1/U88535_1/WestPac/1997/Den1_1	9054	1234	A	G	99	1			13	60.0	36.85	0.0	10	3	0.6	0.01	61.38	10	0.56	233.31	0.51
Den1/U88535_1/WestPac/1997/Den1_1	9085	1486	T	C	99	1			14	60.0	34.71	4.29	10	4	0.58	0.04	288.5	10	0.63	235.64	0.51
Den1/U88535_1/WestPac/1997/Den1_1	9121	1830	C	T	99	1			10	60.0	37.6	0.0	8	2	0.52	0.05	373.0	8	0.66	214.0	0.55
Den1/U88535_1/WestPac/1997/Den1_1	9193	2236	A	G	99	1			17	59.06	33.18	6.12	13	4	0.42	0.05	392.41	13	0.46	215.29	0.43
Den1/U88535_1/WestPac/1997/Den1_1	9301	2415	A	G	99	1			28	60.0	36.54	2.14	16	12	0.55	0.03	276.0	16	0.49	247.96	0.5
Den1/U88535_1/WestPac/1997/Den1_1	9322	2601	G	A	99	1			19	60.0	36.58	3.16	12	7	0.45	0.05	423.95	12	0.61	227.53	0.47
Den1/U88535_1/WestPac/1997/Den1_1	9382	2609	T	G	0	100			2779	60.0	35.71	0.06	1620	1159	0.46	0.01	54.78	1620	0.5	244.09	0.47
Den1/U88535_1/WestPac/1997/Den1_1	9501	2780	T	C	99	1			24	60.0	31.25	0.0	9	15	0.6	0.02	116.04	9	0.49	241.92	0.47
Den1/U88535_1/WestPac/1997/Den1_1	9580	2580	C	T	0	100			2731	60.0	36.7	0.02	906	1825	0.49	0.01	56.78	908	0.32	243.76	0.42
Den1/U88535_1/WestPac/1997/Den1_1	9739	2027	G	A	83	17			359	60.0	32.77	0.0	322	37	0.03	0.01	44.71	322	0.98	231.69	0.88
Den1/U88535_1/WestPac/1997/Den1_1	9880	2380	A	G	99	1			19	60.0	30.21	0.0	14	5	0.43	0.02	87.0	14	0.61	248.68	0.51
Den1/U88535_1/WestPac/1997/Den1_1	10019	3304	T	G	99	1			38	60.0	34.76	1.58	24	14	0.47	0.01	72.18	24	0.56	235.66	0.53
Den1/U88535_1/WestPac/1997/Den1_1	10104	3562	G	A	0	100			3626	59.99	37.73	0.08	2362	1264	0.52	0.01	48.12	2362	0.5	241.09	0.49
Den1/U88535_1/WestPac/1997/Den1_1	10202	4086	A	G	99	1			22	60.0	37.0	0.0	10	12	0.35	0.01	57.36	10	0.6	240.27	0.51
Den1/U88535_1/WestPac/1997/Den1_1	10220	4006	A	G	99	1			46	60.0	36.72	0.0	28	18	0.59	0.01	60.33	28	0.5	249.17	0.48
Den1/U88535_1/WestPac/1997/Den1_1	10418	3483	T	C	97	3			104	60.0	34.73	0.0	29	75	0.49	0.01	45.15	29	0.38	235.93	0.45
Den1/U88535_1/WestPac/1997/Den1_1	10433	3589	T	C	99	1			42	60.0	34.12	0.0	11	31	0.45	0.01	61.81	11	0.42	238.57	0.48
Den1/U88535_1/WestPac/1997/Den1_1	10528	2595	C	T	98	2			60	60.0	34.87	0.0	7	53	0.51	0.01	44.63	7	0.22	249.63	0.59
Den1/U88535_1/WestPac/1997/Den1_1	10586	1902	G	A	99	1			15	60.0	37.4	0.0	3	12	0.45	0.01	75.33	3	0.08	249.13	0.59
Den1/U88535_1/WestPac/1997/Den1_1	10679	662	T	C	99	1			4	60.0	37.5	0.0	0	4	0.2	0.01	68.75	0	0.0	229.5	0.82
Den1/U88535_1/WestPac/1997/Den1_1	10686	557	A	G	99	1			4	60.0	34.0	0.0	0	4	0.03	0.03	122.5	0	0.0	245.75	0.97
Den1/U88535_1/WestPac/1997/Den1_1	10701	440	A	G	0	100			454	59.98	36.82	0.4	57	397	0.19	0.01	48.88	57	0.19	225.74	0.81
Den1/U88535_1/WestPac/1997/Den1_1	10710	380	A	G	99	1			3	60.0	32.67	0.0	0	3	0.05	0.01	74.0	0	0.0	249.67	0.98
Den1/U88535_1/WestPac/1997/Den1_1	10711	370	T	G	99	1			3	60.0	28.67	0.0	0	3	0.08	0.04	179.67	0	0.0	249.67	0.96
Den1/U88535_1/WestPac/1997/Den1_1	10722	124	A	G	98	1			1	60.0	33.0	0.0	0	1	0.04	0.01	71.0	0	0.0	250.0	0.98
Den1/U88535_1/WestPac/1997/Den1_1	10723	122	A	T	98	2			2	60.0	38.5	0.0	2	0	0.15	0.02	74.5	2	0.59	108.5	0.03
